key,kind,ts,t_det,base,v0sum,y0sum,ev_kind,arm,A_hat,c_applied,A_sum,g
RT1,epoch,8.23,8.3,0.46852289127994684,0.48123733770023014,0.4823123593272825,onset,v6_now,,,,
RT1,epoch,115.13,115.41,20.168099977621317,20.1048828144138,14.625593016680428,decrease,v6_now,,,,
RT1,handoff,13.23,,,,,,v6_now,13.973379504567724,-0.231097253410125,14.455691863895003,0.01653839383197044
RT1,unload,116.27,,,,,,v6_now,,,,
RT2,epoch,0.17,0.68,0.10762768925921955,0.12093543013501842,0.12259649738501767,onset,v6_now,,,,
RT2,epoch,12.32,12.36,0.28249047575368513,0.2863284166717154,0.2876431950537615,restep,v6_now,,,,
RT2,epoch,146.70000000000002,147.29,20.935445015532682,20.940693218514962,16.175135717966693,decrease,v6_now,,,,
RT2,epoch,159.27,159.54,21.60185425197293,22.07850013052998,15.892420459431607,decrease,v6_now,,,,
RT2,handoff,17.32,,,,,,v6_now,15.97918392447211,-0.4498280297138493,16.26682711952587,0.02815087628004193
RT2,unload,0.68,,,,,,v6_now,,,,
RT2,unload,160.34,,,,,,v6_now,,,,
RT3,epoch,0.5,1.09,0.034648928813810834,0.03249392772897084,0.03257049036055917,onset,v6_now,,,,
RT3,epoch,1.74,1.8900000000000001,0.034931694335867534,0.03469147531338136,0.03469147531338136,onset,v6_now,,,,
RT3,epoch,4.2,4.59,0.033,0.03275845120603971,0.03275566354293131,onset,v6_now,,,,
RT3,epoch,10.6,10.63,0.04507779791603703,0.045626277495008305,0.04538988642987403,onset,v6_now,,,,
RT3,epoch,135.41,135.71,21.59617801403035,21.30707386360701,18.556889522901248,decrease,v6_now,,,,
RT3,handoff,15.6,,,,,,v6_now,17.310016615194716,0.8201099104023726,17.355406501624593,-0.047377765639027805
RT3,revoke,2.04,,,,,,v6_now,,,,
RT3,unload,1.09,,,,,,v6_now,,,,
RT3,unload,4.59,,,,,,v6_now,,,,
RT3,unload,136.49,,,,,,v6_now,,,,
LT1,epoch,2.1,2.14,0.0,0.0,0.0,onset,v6_now,,,,
LT1,epoch,11.700000000000001,11.73,0.0,0.0,0.0,onset,v6_now,,,,
LT1,epoch,147.29,147.43,18.164645750940537,18.165591729655073,16.73776723077057,decrease,v6_now,,,,
LT1,handoff,16.71,,,,,,v6_now,15.960935259004204,0.6635095132961943,15.960935259004206,-0.04157084171630118
LT1,revoke,2.24,,,,,,v6_now,,,,
LT1,unload,148.28,,,,,,v6_now,,,,
LT2,epoch,14.89,14.950000000000001,0.0,0.0,0.0,onset,v6_now,,,,
LT2,epoch,140.77,140.96,18.57273096385982,18.590577813867508,16.53679574864817,decrease,v6_now,,,,
LT2,handoff,19.89,,,,,,v6_now,16.093673256456466,-0.03495528916072388,16.09367325645647,0.0021719894895157327
LT2,unload,141.61,,,,,,v6_now,,,,
LT3,epoch,10.870000000000001,10.9,0.0,0.0,0.0,onset,v6_now,,,,
LT3,epoch,132.41,132.64000000000001,19.069718299383858,19.364282654167805,18.41662575726005,decrease,v6_now,,,,
LT3,handoff,15.870000000000001,,,,,,v6_now,18.064213729390264,0.5335647512137704,18.064213729390257,-0.02953711460718973
LT3,unload,133.29,,,,,,v6_now,,,,
F41,epoch,1.61,2.21,0.0656206935692395,0.0665273957584098,0.06576378184557487,onset,v6_now,,,,
F41,epoch,9.67,10.26,0.06461740002431995,0.06533458072033176,0.06591558837178704,onset,v6_now,,,,
F41,epoch,10.94,11.06,0.07229510923098109,0.06513288430742663,0.06460620873687606,onset,v6_now,,,,
F41,epoch,130.75,130.79,16.49464727252875,16.4712630546841,13.46170643030567,decrease,v6_now,,,,
F41,handoff,15.94,,,,,,v6_now,13.171476016156058,-0.14638946652220497,13.236082224892932,0.011114127706161745
F41,unload,2.21,,,,,,v6_now,,,,
F41,unload,10.26,,,,,,v6_now,,,,
F41,unload,131.45,,,,,,v6_now,,,,
F42,epoch,11.03,11.07,0.062,0.06720242389200279,0.0672205928373041,onset,v6_now,,,,
F42,epoch,130.79,130.83,17.110148569366032,17.12966974523572,14.7707756234203,decrease,v6_now,,,,
F42,handoff,16.03,,,,,,v6_now,14.33341535881679,-0.3567287297057504,14.400635951654092,0.02488790848346685
F42,unload,131.48,,,,,,v6_now,,,,
F43,epoch,10.99,11.03,0.069,0.06856479852749078,0.06857951722391518,onset,v6_now,,,,
F43,epoch,140.39000000000001,140.45000000000002,17.37765711153144,17.486762928864216,16.036286589763137,decrease,v6_now,,,,
F43,handoff,15.99,,,,,,v6_now,15.668931767044825,0.4202003186259251,15.737511284268741,-0.026817419647566395
F43,unload,141.13,,,,,,v6_now,,,,
SW1,epoch,10.81,10.84,72.7799263618667,78.567570528383,78.33163433292304,onset,v6_now,,,,
SW1,epoch,13.71,14.22,3584.8955264935703,3595.1573773393666,3597.5156384924944,restep_reload,v6_now,,,,
SW1,epoch,13.870000000000001,14.370000000000001,3594.9221508822448,3629.8182468617697,3631.1863166597395,restep_reload,v6_now,,,,
SW1,epoch,28.44,28.5,4845.014072746109,4826.209315698907,4365.274035513265,restep,v6_now,,,,
SW1,epoch,71.57000000000001,71.76,13415.953003522663,12396.337473888108,11157.77046591034,decrease,v6_now,,,,
SW1,epoch,75.04,75.63,5507.0,5450.925000069218,4393.7626015041415,restep,v6_now,,,,
SW1,epoch,75.59,75.87,5594.187631815055,5598.616740344441,4543.651442596964,restep_reload,v6_now,,,,
SW1,epoch,110.42,110.73,19416.692394720325,19404.721926193273,15015.304443796338,restep,v6_now,,,,
SW1,epoch,110.42,110.82000000000001,19416.692394720325,19404.721926193273,15015.304443796338,restep_reload,v6_now,,,,
SW1,epoch,129.38,129.45,26750.94158511234,26381.542283141407,20953.205047166084,decrease,v6_now,,,,
SW1,epoch,133.84,133.89000000000001,70.0,65.68919130744484,65.32919130744486,onset,v6_now,,,,
SW1,epoch,181.95000000000002,182.07,29069.983823463925,28122.854541353485,28773.67523376501,decrease,v6_now,,,,
SW1,epoch,185.98,186.02,64.55404383977832,54.93723233879836,53.751634922764175,onset,v6_now,,,,
SW1,epoch,202.62,202.71,26544.214201532333,26147.060221998458,25707.642147379796,decrease,v6_now,,,,
SW1,epoch,212.4,212.47,22498.50063532538,22196.23516458249,21412.192246215374,decrease,v6_now,,,,
SW1,epoch,213.13,213.72,4868.552272671471,5060.099011160348,4604.923111389942,restep,v6_now,,,,
SW1,epoch,217.51,217.81,5763.590011674062,5763.702183182147,5303.24529553671,restep_reload,v6_now,,,,
SW1,epoch,217.73000000000002,217.91,5774.078000491434,5769.764277033077,5301.907996813156,restep_reload,v6_now,,,,
SW1,epoch,217.95000000000002,218.46,7809.026150939687,6459.568152189004,5912.414077062353,restep,v6_now,,,,
SW1,epoch,230.06,230.65,12144.63819809581,12165.613432181168,9806.059955156363,decrease,v6_now,,,,
SW1,epoch,232.97,233.05,5127.119024390315,5147.403653846519,3112.217543726031,decrease,v6_now,,,,
SW1,epoch,233.28,233.59,4116.853895766166,3714.5320245984626,1915.9081183807662,restep,v6_now,,,,
SW1,epoch,240.73000000000002,240.93,20523.559197100258,20520.115771083805,18007.277106228878,restep,v6_now,,,,
SW1,epoch,249.61,249.67000000000002,25865.03697867939,25969.3864935199,23358.565440731643,decrease,v6_now,,,,
SW1,handoff,18.87,,,,,,v6_now,617.8905685650388,-291.4474639360814,4249.076885224779,0.055293892814802736
SW1,handoff,33.45,,,,,,v6_now,6751.010256496495,-484.8329497164432,11116.28429200976,0.03494467352134445
SW1,handoff,80.59,,,,,,v6_now,10554.627507842837,-2951.7801962528283,15098.278950439804,0.15180847147424514
SW1,handoff,115.42,,,,,,v6_now,6119.593143804246,-4721.287196896112,21134.897587600586,0.2232060658674413
SW1,handoff,138.84,,,,,,v6_now,28490.39216240728,1387.4511363137717,28555.721353714725,-0.048698913247831536
SW1,handoff,190.98,,,,,,v6_now,25183.05268341475,-3.195681662487914,25236.80431833752,0.0001268981049542318
SW1,handoff,222.95000000000002,,,,,,v6_now,3247.2138527110974,-2715.1645333887427,9159.627929773449,0.2505783091814362
SW1,handoff,238.28,,,,,,v6_now,15937.148045746271,-2440.9389612585837,17853.05616412704,0.1437833809455699
SW1,handoff,245.73000000000002,,,,,,v6_now,5030.32301289562,-2630.493895862568,23037.600119124494,0.12263814818574953
SW1,revoke,218.09,,,,,,v6_now,,,,
SW1,revoke,233.29,,,,,,v6_now,,,,
SW1,unload,130.2,,,,,,v6_now,,,,
SW1,unload,182.73,,,,,,v6_now,,,,
SW1,unload,250.39000000000001,,,,,,v6_now,,,,
SW1,gevent,233.29,,,,,decrease,v6_now,,,,
SW2,epoch,3.34,3.93,66.0,65.0506152747082,65.04154785338201,onset,v6_now,,,,
SW2,epoch,11.76,11.81,60.82604551167182,63.07009943477156,63.72391638781809,onset,v6_now,,,,
SW2,epoch,31.2,31.26,16058.889922521812,16097.11150765977,15825.948444241883,decrease,v6_now,,,,
SW2,epoch,35.93,36.0,52.42437821865941,38.161688866519796,38.27142498113244,onset,v6_now,,,,
SW2,epoch,50.58,50.64,22861.72705537807,22792.560724059393,23602.86879816518,decrease,v6_now,,,,
SW2,epoch,57.28,57.34,37.506166959335715,37.885127627306204,37.925058952103825,onset,v6_now,,,,
SW2,handoff,16.76,,,,,,v6_now,15196.951691549579,826.9536002182867,15260.675607937395,-0.05441575501474567
SW2,handoff,40.93,,,,,,v6_now,22560.203585491894,976.275380482828,22598.475010473026,-0.0432742274148029
SW2,handoff,62.28,,,,,,v6_now,26831.076272581224,1644.9177503702012,26869.00133153333,-0.06130643935633506
SW2,unload,3.93,,,,,,v6_now,,,,
SW2,unload,31.98,,,,,,v6_now,,,,
SW2,unload,51.36,,,,,,v6_now,,,,
SW3,epoch,10.65,10.68,67.347785108451,68.6023920499503,68.67410710630472,onset,v6_now,,,,
SW3,epoch,20.37,20.85,18642.817177635134,18623.96384916927,15581.772929398781,restep,v6_now,,,,
SW3,epoch,20.69,20.94,18703.79976082619,18678.080584815383,15578.616247256641,restep_reload,v6_now,,,,
SW3,epoch,30.69,30.73,26351.529844752287,26218.9932306951,20891.32159273517,decrease,v6_now,,,,
SW3,epoch,39.06,39.14,53.0,54.32526193884665,54.60526193884665,onset,v6_now,,,,
SW3,epoch,60.79,60.82,27848.380342600278,27679.62943006085,28173.32263328475,decrease,v6_now,,,,
SW3,handoff,15.65,,,,,,v6_now,15367.850732679182,-2102.58374288885,15436.524839785487,0.13681703313383836
SW3,handoff,25.69,,,,,,v6_now,5603.207939320004,-4426.792999364068,21181.824186576647,0.1575547677568335
SW3,handoff,44.06,,,,,,v6_now,27971.602836046117,1399.4752031203607,28026.208097984967,-0.050031998928459734
SW3,unload,31.46,,,,,,v6_now,,,,
SW3,unload,61.51,,,,,,v6_now,,,,
SW4,epoch,8.31,8.34,75.65154649764139,82.00742408518315,82.31162558443343,onset,v6_now,,,,
SW4,epoch,18.69,18.81,16209.01575600983,16189.68024874185,14997.37104315527,restep,v6_now,,,,
SW4,epoch,26.330000000000002,26.62,22585.613989526915,22635.3295532387,20765.347135221247,decrease,v6_now,,,,
SW4,epoch,27.61,27.77,19464.040461572615,19435.93883725636,17854.415757124283,restep,v6_now,,,,
SW4,epoch,45.27,45.45,24696.978012257547,24658.102269918418,22512.99321926478,decrease,v6_now,,,,
SW4,epoch,61.01,61.33,21004.477745398468,20995.2551930287,18703.9433722174,restep,v6_now,,,,
SW4,epoch,61.01,61.47,21004.477745398468,20995.2551930287,18703.9433722174,restep_reload,v6_now,,,,
SW4,epoch,68.9,68.98,24258.40644167902,24276.528972808934,21418.13985632125,decrease,v6_now,,,,
SW4,epoch,87.81,87.92,85.56053777404367,76.85903654565004,76.2829374720612,onset,v6_now,,,,
SW4,epoch,98.88,99.47,28290.791781161042,28360.76579968144,29738.262194796418,restep,v6_now,,,,
SW4,epoch,113.81,113.85000000000001,32339.74593618307,32442.38897141282,33455.49040593907,decrease,v6_now,,,,
SW4,handoff,13.31,,,,,,v6_now,14836.500980514142,-494.62088813579794,14918.812606098574,0.033338109085519534
SW4,handoff,23.69,,,,,,v6_now,6307.685014434628,-1168.5043343882207,21305.056057589896,0.040516023704917165
SW4,handoff,32.61,,,,,,v6_now,4955.112706195892,-1323.063898523389,22809.528463320177,0.03569774589104875
SW4,handoff,66.01,,,,,,v6_now,2834.097321990441,-2892.263691421562,21538.040694207837,0.10063760065518008
SW4,handoff,92.81,,,,,,v6_now,29708.37968545178,1904.0359977817207,29784.66262292384,-0.06409087328024587
SW4,handoff,103.88,,,,,,v6_now,3079.863952737327,3356.0871919485944,32818.126147533745,-0.09723366257438934
SW4,unload,69.63,,,,,,v6_now,,,,
SW4,unload,114.58,,,,,,v6_now,,,,
